code,language,speakers,URIEL,learned,distance,name,joshi,family,l2v index,zeros in genetic distance,ones in genetic distance,rest in genetic distance,zeros in geographic distance,ones in geographic distance,rest in geographic distance,zeros in syntactic distance,ones in syntactic distance,rest in syntactic distance,zeros in inventory distance,ones in inventory distance,rest in inventory distance,zeros in phonological distance,ones in phonological distance,rest in phonological distance,zeros in featural distance,ones in featural distance,rest in featural distance
eng,English,1.5B,True,False,True,English,5.0,Indo-European,365,1,129,69,5,2,192,1,5,193,1,0,198,0,4,195,1,7,191
cmn,Mandarin Chinese,1.1B,True,False,True,Mandarin Chinese,5.0,Sino-Tibetan,358,1,187,11,2,9,188,9,1,189,1,0,198,0,1,198,1,1,197
hin,Hindi,609.5M,True,True,True,Hindi,4.0,Indo-European,382,1,131,67,25,2,172,1,0,198,1,0,198,1,11,187,1,2,196
spa,Spanish,559.1M,True,True,True,Spanish,5.0,Indo-European,469,1,140,58,4,4,191,1,10,188,1,0,198,1,9,189,1,11,187
fra,French,309.8M,True,True,True,French,5.0,Indo-European,371,1,130,68,10,2,187,1,3,195,1,0,198,1,9,189,1,4,194
arb,Standard Arabic,274.0M,True,True,True,Standard Arabic,,Afro-Asiatic,6506,1,190,8,7,10,182,142,2,55,192,0,7,0,0,199,141,4,54
ben,Bengali,272.8M,True,True,True,Bengali,3.0,Indo-European,346,1,125,73,14,2,183,5,3,191,1,0,198,2,7,190,1,7,191
por,Portuguese,263.6M,True,True,True,Portuguese,4.0,Indo-European,455,1,135,63,6,5,188,30,4,165,1,0,198,0,0,199,1,8,190
rus,Russian,255.0M,True,True,True,Russian,4.0,Indo-European,460,1,138,60,1,2,196,1,9,189,0,0,199,3,10,186,1,4,194
urd,Urdu,231.7M,True,True,True,Urdu,3.0,Indo-European,1322,1,156,42,11,34,154,22,4,173,1,0,198,0,0,199,1,6,192
ind,Indonesian,199.1M,True,True,True,Indonesian,3.0,Austronesian,644,1,191,7,3,7,189,1,2,196,1,0,198,0,3,196,1,7,191
deu,Standard German,133.2M,True,True,True,German,5.0,Indo-European,362,1,127,71,16,2,181,1,3,195,1,0,198,1,4,194,1,5,193
jpn,Japanese,123.4M,True,True,True,Japanese,5.0,Japonic,393,1,198,0,2,5,192,1,1,197,1,0,198,1,11,187,1,2,196
pcm,Nigerian Pidgin,120.7M,True,False,True,Nigerian Pidgin,0.0,Indo-European,749,1,146,52,9,10,180,90,0,109,1,0,198,0,0,199,1,63,135
arz,Egyptian Spoken Arabic,102.4M,True,False,True,Egyptian Arabic,3.0,Afro-Asiatic,342,1,172,26,5,2,192,4,0,195,1,0,198,1,10,188,1,4,194
mar,Marathi,99.2M,True,False,True,Marathi,2.0,Indo-European,1290,1,161,37,7,7,185,69,3,127,1,0,198,0,12,187,1,43,155
tel,Telegu,96.0M,True,False,True,Telugu,1.0,Dravidian,476,1,195,3,12,2,185,1,9,189,1,0,198,3,10,186,1,9,189
tur,Turkish,90.0M,True,True,True,Turkish,4.0,Turkic,488,1,191,7,6,5,188,1,2,196,1,0,198,1,10,188,1,8,190
tam,Tamil,86.6M,True,True,True,Tamil,3.0,Dravidian,796,1,195,3,6,6,187,1,1,197,1,0,198,0,0,199,1,8,190
yue,Yue Chinese,86.6M,True,False,True,Yue Chinese,1.0,Sino-Tibetan,501,1,191,7,8,6,185,38,4,157,1,0,198,1,1,197,1,13,185
vie,Vietnamese,85.8M,True,True,True,Vietnamese,4.0,Austroasiatic,492,1,195,3,11,4,184,15,3,181,1,0,198,1,1,197,1,2,196
wuu,Wu Chinese,83.4M,True,False,True,Wu Chinese,,Sino-Tibetan,496,1,190,8,8,9,182,35,6,158,1,0,198,1,9,189,1,26,172
tgl,Tagalog,83.1M,True,True,True,Tagalog,3.0,Austronesian,478,1,189,9,4,6,189,1,1,197,1,0,198,1,4,194,1,10,188
kor,Korean,81.7M,True,True,True,Korean,4.0,Koreanic,410,1,198,0,2,2,195,20,1,178,1,0,198,1,5,193,1,8,190
pes,Iranian Persian,78.6M,True,True,True,Iranian Persian,,Indo-European,452,1,134,64,3,8,188,23,2,174,1,0,198,1,10,188,1,12,186
hau,Hausa,78.5M,True,True,True,Hausa,2.0,Afro-Asiatic,378,1,173,25,11,4,184,1,2,196,1,0,198,2,7,190,1,1,197
swh,Swahili,71.6M,True,True,True,Swahili (individual language),,Atlantic-Congo,474,1,166,32,6,20,173,1,4,194,1,0,198,0,7,192,1,8,190
jav,Javanese,68.3M,True,True,True,Javanese,1.0,Austronesian,392,1,186,12,7,2,190,1,7,191,1,0,198,1,13,185,1,14,184
ita,Italian,67.9M,True,True,True,Italian,4.0,Indo-European,646,1,143,55,10,6,183,1,6,192,1,0,198,0,0,199,1,8,190
pnb,Western Punjabi,66.7M,False,False,True,Western Panjabi,,Indo-European,7351,1,173,25,8,75,116,46,0,153,122,0,77,0,2,197,44,4,151
guj,Gujarati,62.1M,True,False,True,Gujarati,1.0,Indo-European,1269,1,158,40,14,5,180,1,4,194,1,0,198,0,6,193,1,9,189
tha,Thai,60.8M,True,True,True,Thai,3.0,Tai-Kadai,479,1,193,5,7,4,188,2,3,194,1,0,198,0,1,198,1,3,195
kan,Kannada,58.7M,True,False,True,Kannada,1.0,Dravidian,1274,1,197,1,10,10,179,1,5,193,1,0,198,1,12,186,1,11,187
amh,Amharic,57.6M,True,True,True,Amharic,2.0,Afro-Asiatic,338,1,170,28,9,2,188,3,1,195,1,0,198,0,9,190,1,4,194
bho,Bhojpuri,52.5M,True,False,True,Bhojpuri,1.0,Indo-European,1943,1,165,33,11,4,184,2,7,190,72,0,127,0,0,199,1,23,175
pan,Eastern Punjabi,52.1M,True,False,True,Panjabi,,Indo-European,450,1,133,65,19,3,177,22,1,176,0,0,199,0,0,199,1,13,185
nan,Min Nan Chinese,50.3M,True,False,True,Min Nan Chinese,1.0,Sino-Tibetan,4828,1,197,1,32,16,151,5,25,169,140,0,59,1,4,194,5,31,163
cjy,Jinyu Chinese,48.0M,True,False,True,Jinyu Chinese,,Sino-Tibetan,3471,1,194,4,18,8,173,3,8,188,51,0,148,2,7,190,1,25,173
apc,Levantine Arabic,47.6M,True,False,True,North Levantine Arabic,,Afro-Asiatic,5362,1,163,35,4,10,185,35,2,162,184,0,15,0,0,199,33,10,156
yor,Yoruba,45.9M,True,True,True,Yoruba,2.0,Atlantic-Congo,7618,1,196,2,5,116,78,110,1,88,165,0,34,4,1,194,45,72,82
hak,Hakka Chinese,44.3M,True,False,True,Hakka Chinese,1.0,Sino-Tibetan,377,1,188,10,10,2,187,1,7,191,0,0,199,2,9,188,1,6,192
mya,Burmese,43.0M,True,True,True,Burmese,1.0,Sino-Tibetan,435,1,189,9,9,2,188,1,3,195,1,0,198,1,1,197,1,1,197
apd,Sudanese Spoken Arabic,42.4M,True,False,True,Sudanese Arabic,,Afro-Asiatic,6516,1,182,16,5,39,155,51,1,147,176,0,23,1,3,195,42,16,141
arq,Algerian Spoken Arabic,41.4M,True,False,True,Algerian Arabic,,Afro-Asiatic,1451,1,183,15,5,6,188,42,1,156,75,0,124,0,0,199,34,7,158
pol,Polish,40.6M,True,True,True,Polish,4.0,Indo-European,755,1,147,51,8,4,187,1,7,191,1,0,198,1,11,187,1,8,190
lin,Lingala,40.3M,True,False,True,Lingala,1.0,Atlantic-Congo,4304,1,165,33,16,6,177,105,2,92,1,0,198,0,0,199,1,38,160
ory,Odia,39.8M,False,False,True,Oriya (individual language),1.0,Indo-European,5557,1,187,11,2,125,72,83,2,114,184,0,15,0,0,199,77,4,118
ary,Moroccan Spoken Arabic,39.2M,True,True,True,Moroccan Arabic,,Afro-Asiatic,341,1,171,27,2,3,194,3,4,192,1,0,198,1,21,177,1,8,190
hsn,Xiang Chinese,38.1M,False,False,True,Xiang Chinese,,Sino-Tibetan,7472,1,183,15,4,136,59,141,0,58,185,0,14,0,0,199,133,2,64
mal,Malayalam,37.4M,True,False,True,Malayalam,1.0,Dravidian,1289,1,198,0,5,10,184,73,2,124,1,0,198,0,6,193,1,32,166
snd,Sindhi,33.2M,True,True,True,Sindhi,1.0,Indo-European,786,1,150,48,9,4,186,48,0,151,0,0,199,1,17,181,1,40,158
ukr,Ukrainian,33.0M,True,True,True,Ukrainian,3.0,Indo-European,818,1,152,46,5,6,188,52,4,143,1,0,198,0,0,199,1,27,171
sun,Sunda,32.4M,True,False,True,Sundanese,1.0,Austronesian,473,1,188,10,4,4,191,1,4,194,1,0,198,0,1,198,1,6,192
ibo,Igbo,30.9M,True,True,True,Igbo,1.0,Atlantic-Congo,388,1,165,33,9,2,188,1,4,194,1,0,198,1,5,193,1,4,194
prs,Dari,30.3M,True,True,True,Dari,0.0,Indo-European,2505,1,169,29,9,8,182,2,35,162,64,0,135,0,7,192,2,76,121
pbu,Northern Pashto,30.3M,False,False,True,Northern Pashto,,Indo-European,5290,1,160,38,24,13,162,129,0,70,180,0,19,0,0,199,123,2,74
uzn,Northern Uzbek,27.9M,True,False,True,Northern Uzbek,,Turkic,5296,1,171,27,7,9,183,114,4,81,149,0,50,3,4,192,112,9,78
zul,Zulu,27.8M,True,True,True,Zulu,2.0,Atlantic-Congo,506,1,167,31,10,4,185,36,1,162,1,0,198,1,7,191,1,14,184
skr,Saraiki,26.2M,False,False,True,Saraiki,,Indo-European,780,1,149,49,15,6,178,49,0,150,1,0,198,0,0,199,1,44,154
npi,Nepali,25.6M,False,False,True,Nepali (individual language),1.0,Indo-European,5154,1,157,41,6,53,140,116,3,80,181,0,18,0,0,199,112,8,79
aec,Sa'idi Spoken Arabic,25.1M,True,False,True,Saidi Arabic,,Afro-Asiatic,6039,1,172,26,5,11,183,51,1,147,80,0,119,0,7,192,47,9,143
nld,Dutch,24.5M,True,True,True,Dutch,4.0,Indo-European,727,1,145,53,6,5,188,49,5,145,1,0,198,0,0,199,1,21,177
ron,Romanian,24.5M,True,True,True,Romanian,3.0,Indo-European,459,1,137,61,11,3,185,1,13,185,1,0,198,1,16,182,1,4,194
gan,Gan Chinese,22.6M,False,False,True,Gan Chinese,1.0,Sino-Tibetan,2939,1,172,26,19,3,177,112,0,87,62,0,137,3,7,189,2,88,109
som,Somali,22.0M,True,True,True,Somali,1.0,Afro-Asiatic,468,1,175,23,5,5,189,1,3,195,1,0,198,0,8,191,1,8,190
mai,Maithili,21.8M,True,True,True,Maithili,1.0,Indo-European,1288,1,160,38,12,10,177,75,2,122,1,0,198,0,6,193,1,29,169
mag,Magahi,20.7M,True,False,True,Magahi,0.0,Indo-European,4444,1,146,52,18,16,165,107,4,88,181,0,18,0,0,199,104,12,83
pbt,Southern Pashto,19.9M,False,False,True,Southern Pashto,,Indo-European,6408,1,191,7,5,18,176,135,0,64,187,0,12,0,0,199,128,3,68
xho,Xhosa,19.2M,True,True,True,Xhosa,2.0,Atlantic-Congo,1231,1,181,17,6,12,181,1,3,195,1,0,198,0,0,199,1,8,190
gaz,West Central Oromo,19.2M,True,False,True,West Central Oromo,,Afro-Asiatic,7397,1,182,16,8,24,167,27,3,169,187,0,12,1,4,194,24,7,168
zlm,Malay,19.2M,True,False,True,Malay (individual language),3.0,Austronesian,4506,1,195,3,3,143,53,139,0,60,138,0,61,0,0,199,86,5,108
acm,Mesopotamian Spoken Arabic,18.2M,True,False,True,Mesopotamian Arabic,,Afro-Asiatic,4786,1,188,10,30,12,157,107,4,88,182,0,17,0,0,199,104,14,81
ars,Najdi Spoken Arabic,18.1M,True,False,True,Najdi Arabic,,Afro-Asiatic,5039,1,165,33,22,8,169,118,4,77,182,0,17,0,0,199,111,11,77
khm,Khmer,18.0M,True,True,True,Central Khmer,1.0,Austroasiatic,404,1,196,2,7,2,190,9,2,188,1,0,198,1,6,192,1,3,195
afr,Afrikaans,17.7M,True,True,True,Afrikaans,3.0,Indo-European,861,1,153,45,7,3,189,1,11,187,1,0,198,0,0,199,1,6,192
sin,Sinhala,17.6M,True,False,True,Sinhala,0.0,Indo-European,466,1,139,59,5,3,191,1,9,189,1,0,198,1,13,185,1,10,188
fuv,Nigerian Fulfulde,16.6M,True,True,True,Nigerian Fulfulde,,Atlantic-Congo,971,1,175,23,6,5,188,1,70,128,1,0,198,0,0,199,1,58,140
kaz,Kazakh,16.5M,True,False,True,Kazakh,3.0,Turkic,3741,1,168,30,18,12,169,102,4,93,49,0,150,4,9,186,1,43,155
hne,Chhattisgarhi,16.3M,False,True,True,Chhattisgarhi,,Indo-European,2318,1,167,31,10,30,159,69,0,130,69,0,130,0,0,199,31,4,164
ceb,Cebuano,16.0M,True,True,True,Cebuano,3.0,Austronesian,936,1,193,5,3,11,185,1,9,189,0,0,199,0,0,199,1,20,178
kmr,Northern Kurdish,15.8M,True,True,True,Northern Kurdish,,Indo-European,5288,1,175,23,16,12,171,80,6,113,105,0,94,1,0,198,76,5,118
asm,Assamese,15.3M,True,False,True,Assamese,1.0,Indo-European,1256,1,155,43,11,8,180,1,8,190,1,0,198,0,0,199,1,20,178
tts,Northeastern Thai,15.0M,False,False,True,Northeastern Thai,,Tai-Kadai,5310,1,196,2,5,29,165,126,4,69,184,0,15,0,0,199,120,10,69
azb,South Azerbaijani,14.9M,True,True,True,South Azerbaijani,1.0,Turkic,345,1,190,8,9,2,188,4,4,191,1,0,198,3,10,186,1,7,191
bar,Bavarian,14.6M,True,False,True,Bavarian,1.0,Indo-European,1867,1,164,34,7,33,159,2,10,187,74,0,125,1,9,189,1,23,175
kin,Kinyarwanda,14.5M,True,True,True,Kinyarwanda,1.0,Atlantic-Congo,663,1,172,26,10,5,184,47,5,147,1,0,198,0,0,199,1,22,176
nya,Chichewa,14.4M,True,True,True,Nyanja,1.0,Atlantic-Congo,5433,1,170,28,4,10,185,21,4,174,186,0,13,0,0,199,20,12,167
bam,Bamanankan,14.2M,True,False,True,Bambara,1.0,Mande,888,1,195,3,13,17,169,20,4,175,1,0,198,0,2,197,1,3,195
tsn,Setswana,13.7M,True,True,True,Tswana,2.0,Atlantic-Congo,6966,1,179,19,6,25,168,147,3,49,187,0,12,0,0,199,142,8,49
nso,Northern Sotho,13.7M,True,True,True,Pedi,1.0,Atlantic-Congo,5707,1,183,15,31,11,157,7,4,188,28,0,171,0,10,189,1,13,185
sot,Southern Sotho,13.5M,True,True,True,Southern Sotho,0.0,Atlantic-Congo,6441,1,182,16,8,44,147,142,0,57,190,0,9,0,0,199,138,7,54
ell,Greek,13.1M,True,True,True,Modern Greek (1453-),,Indo-European,364,1,128,70,11,2,186,1,3,195,1,0,198,1,10,188,1,5,193
swe,Swedish,13.1M,True,True,True,Swedish,4.0,Indo-European,793,1,150,48,3,3,193,1,4,194,1,0,198,0,0,199,1,5,193
hat,Haitian Creole,13.0M,True,False,True,Haitian,2.0,Indo-European,3150,1,170,28,16,3,180,92,3,104,57,0,142,0,0,199,1,18,180
ctg,Chittagonian,13.0M,True,False,True,Chittagonian,,Indo-European,2351,1,164,34,7,61,131,37,0,162,67,0,132,1,3,195,29,5,165
run,Rundi,12.9M,True,False,True,Rundi,0.0,Atlantic-Congo,768,1,173,25,7,2,190,44,6,149,1,0,198,0,0,199,1,49,149
dyu,Jula,12.8M,True,False,True,Dyula,0.0,Mande,2688,1,182,16,6,12,181,34,0,165,1,0,198,0,11,188,1,39,159
dcc,Deccan,12.8M,True,False,True,Deccan,,Indo-European,2523,1,165,33,6,7,186,35,0,164,63,0,136,0,3,196,27,4,168
hun,Hungarian,12.6M,True,True,True,Hungarian,4.0,Uralic,384,1,198,0,13,4,182,1,2,196,0,0,199,2,10,187,1,3,195
ayn,Sanaani Spoken Arabic,12.6M,True,False,True,Sanaani Arabic,,Afro-Asiatic,6084,1,179,19,16,38,145,136,0,63,189,0,10,0,0,199,134,3,62
ktu,Kituba,12.4M,True,True,True,Kituba (Democratic Republic of Congo),0.0,Atlantic-Congo,1047,1,177,21,4,5,190,106,0,93,1,0,198,0,0,199,1,63,135
wol,Wolof,12.4M,True,False,True,Wolof,2.0,Atlantic-Congo,495,1,167,31,5,5,189,36,2,161,1,0,198,2,10,187,1,14,184
ces,Czech,12.3M,True,True,True,Czech,4.0,Indo-European,582,1,140,58,21,5,173,21,6,172,0,0,199,0,0,199,1,7,191
sck,Sadri,12.1M,False,False,True,Sadri,,Indo-European,6029,1,181,17,16,13,170,12,6,181,180,0,19,0,0,199,11,10,178
wes,Cameroon Pidgin,12.0M,False,False,True,Cameroon Pidgin,,Indo-European,2212,1,166,32,5,15,179,40,2,157,71,0,128,0,5,194,32,5,162
mos,Moore,11.9M,True,True,True,Mossi,,Atlantic-Congo,4939,1,185,13,8,11,180,92,5,102,143,0,56,1,3,195,85,10,104
acq,Ta'izzi-Adeni Spoken Arabic,11.9M,True,False,True,Ta'izzi-Adeni Arabic,,Afro-Asiatic,6617,1,170,28,2,140,57,142,0,57,189,0,10,0,0,199,138,3,58
mnp,Min Bei Chinese,11.7M,False,False,True,Min Bei Chinese,,Sino-Tibetan,4821,1,183,15,7,6,186,133,0,66,184,0,15,1,6,192,107,49,43
aeb,Tunisian Spoken Arabic,11.7M,True,True,True,Tunisian Arabic,,Afro-Asiatic,6996,1,187,11,4,11,184,42,4,153,185,0,14,0,0,199,42,10,147
syl,Sylheti,11.5M,False,False,True,Sylheti,,Indo-European,6564,1,192,6,2,9,188,146,0,53,185,0,14,0,0,199,138,5,56
kng,Koongo,11.3M,True,False,True,Koongo,,Atlantic-Congo,3944,1,160,38,8,4,187,106,2,91,48,0,151,0,0,199,1,38,160
swc,Congo Swahili,11.1M,False,False,True,Congo Swahili,,Atlantic-Congo,2421,1,167,31,3,9,187,36,1,162,66,0,133,0,11,188,28,7,164
afb,Gulf Spoken Arabic,11.1M,True,False,True,Gulf Arabic,,Afro-Asiatic,3097,1,179,19,10,8,181,78,3,118,59,0,140,0,0,199,1,37,161
lug,Ganda,11.0M,True,True,True,Ganda,,Atlantic-Congo,2940,1,159,39,12,8,179,94,3,102,1,0,198,0,0,199,1,37,161
cdo,Min Dong Chinese,10.9M,True,False,True,Min Dong Chinese,1.0,Sino-Tibetan,4822,1,179,19,6,32,161,127,0,72,140,0,59,1,4,194,102,27,70
sna,Shona,10.9M,True,True,True,Shona,1.0,Atlantic-Congo,785,1,174,24,7,8,184,1,4,194,1,0,198,0,9,190,1,14,184
rkt,Rangpuri,10.8M,False,False,True,Rangpuri,,Indo-European,5918,1,184,14,4,18,177,128,1,70,188,0,11,0,0,199,120,5,74
acw,Hijazi Spoken Arabic,10.8M,True,False,True,Hijazi Arabic,,Afro-Asiatic,3207,1,147,51,11,5,183,27,3,169,54,0,145,0,0,199,21,16,162
ibb,Ibibio,10.8M,True,False,True,Ibibio,0.0,Atlantic-Congo,638,1,171,27,7,10,182,1,7,191,1,0,198,0,0,199,1,8,190
uig,Uyghur,10.5M,True,True,True,Uighur,1.0,Turkic,7059,1,178,20,7,29,163,70,1,128,98,0,101,1,1,197,70,6,123
ayp,North Mesopotamian Spoken Arabic,10.3M,True,False,True,North Mesopotamian Arabic,,Afro-Asiatic,5363,1,173,25,6,11,182,148,0,51,187,0,12,0,0,199,142,2,55
srp,Serbian,10.2M,True,True,True,Serbian,4.0,Indo-European,6230,1,157,41,11,7,181,24,6,169,55,0,144,1,3,195,23,10,166
tso,Tsonga,10.0M,True,True,True,Tsonga,1.0,Atlantic-Congo,6958,1,183,15,22,24,153,138,4,57,187,0,12,0,0,199,131,8,60
aka,Akan,9.9M,True,False,True,Akan,1.0,Atlantic-Congo,333,1,163,35,10,2,187,2,2,195,1,0,198,1,7,191,1,2,196
bgc,Haryanvi,9.8M,True,False,True,Haryanvi,,Indo-European,3173,1,175,23,17,23,159,119,0,80,56,0,143,0,0,199,23,33,143
hae,Eastern Oromo,9.7M,True,False,True,Eastern Oromo,,Afro-Asiatic,989,1,180,18,6,4,189,61,1,137,0,0,199,1,6,192,1,22,176
heb,Hebrew,9.3M,True,False,True,Hebrew,3.0,Afro-Asiatic,381,1,172,26,17,3,179,1,2,196,1,0,198,0,0,199,1,3,195
cat,Catalan,9.3M,True,True,True,Catalan,4.0,Indo-European,580,1,141,57,5,4,190,1,6,192,0,0,199,2,10,187,1,7,191
azj,North Azerbaijani,9.1M,True,False,True,North Azerbaijani,,Turkic,5297,1,165,33,5,14,180,123,0,76,144,0,55,0,0,199,100,22,77
knc,Yerwa Kanuri,9.0M,True,False,True,Central Kanuri,,Saharan,409,1,198,0,5,3,191,17,2,180,1,0,198,1,3,195,1,9,189
tir,Tigrigna,8.8M,True,False,True,Tigrinya,2.0,Afro-Asiatic,1206,1,182,16,7,12,180,1,2,196,1,0,198,0,0,199,1,4,194
pst,Central Pashto,8.5M,True,False,True,Central Pashto,,Indo-European,456,1,136,62,13,2,184,18,3,178,1,0,198,1,4,194,1,20,178
gax,Borana-Arsi-Guji Oromo,8.4M,True,False,True,Borana-Arsi-Guji Oromo,,Afro-Asiatic,972,1,179,19,9,7,183,4,14,181,1,0,198,0,0,199,1,32,166
tgk,Tajik,8.3M,True,True,True,Tajik,1.0,Indo-European,6619,1,193,5,3,8,188,30,39,130,185,0,14,0,2,197,3,158,38
kri,Krio,8.2M,True,False,True,Krio,,Indo-European,1042,1,154,44,4,8,187,106,0,93,1,0,198,0,0,199,1,63,135
kik,Gikuyu,8.2M,True,True,True,Kikuyu,1.0,Atlantic-Congo,3842,1,161,37,14,6,179,105,2,92,0,0,199,0,0,199,1,29,169
suk,Sukuma,8.1M,True,True,True,Sukuma,0.0,Atlantic-Congo,1194,1,178,20,5,9,185,1,8,190,1,0,198,0,0,199,1,20,178
rwr,Marwari,7.9M,False,False,True,Marwari (India),,Indo-European,769,1,148,50,20,7,172,50,6,143,1,0,198,0,0,199,1,38,160
umb,Umbundu,7.8M,True,False,True,Umbundu,0.0,Atlantic-Congo,1219,1,180,18,3,5,191,44,2,153,1,0,198,1,14,184,1,41,157
mad,Madura,7.8M,True,False,True,Madurese,0.0,Austronesian,1082,1,195,3,2,5,192,1,4,194,1,0,198,1,22,176,1,11,187
bul,Bulgarian,7.7M,True,True,True,Bulgarian,3.0,Indo-European,351,1,126,72,11,2,186,5,4,190,1,0,198,4,10,185,1,6,192
sat,Santhali,7.6M,True,True,True,Santali,1.0,Austroasiatic,1314,1,198,0,12,17,170,86,2,111,0,0,199,0,0,199,1,25,173
plt,Merina Malagasy,7.5M,True,True,True,Plateau Malagasy,,Austronesian,453,1,187,11,1,3,195,21,7,171,1,0,198,0,4,195,1,21,177
kab,Amazigh,7.5M,True,False,True,Kabyle,1.0,Afro-Asiatic,652,1,177,21,4,7,188,1,6,192,0,0,199,0,0,199,1,21,177
slk,Slovak,7.3M,True,True,True,Slovak,3.0,Indo-European,6363,1,168,30,18,13,168,33,2,164,189,0,10,0,0,199,31,7,161
kas,Kashmiri,7.1M,True,False,True,Kashmiri,1.0,Indo-European,395,1,132,66,15,6,178,1,5,193,1,0,198,2,15,182,1,5,193
lua,Luba-Kasai,7.1M,True,False,True,Luba-Lulua,,Atlantic-Congo,4384,1,183,15,6,12,181,127,1,71,47,0,152,1,5,193,1,68,130
vah,Varhadi-Nagpuri,7.0M,False,False,True,Varhadi-Nagpuri,,Indo-European,7166,1,191,7,15,12,172,101,1,97,187,0,12,0,0,199,99,8,92
ins,Indian Sign Language,6.8M,True,False,True,Indian Sign Language,,Sign Language,3348,1,189,9,12,6,181,25,3,171,52,0,147,0,0,199,19,8,172
hrv,Croatian,6.8M,True,True,True,Croatian,4.0,Indo-European,633,1,143,55,12,7,180,4,6,189,1,0,198,0,3,196,1,13,185
tuk,Turkmen,6.6M,True,False,True,Turkmen,1.0,Turkic,7008,1,189,9,3,15,181,97,0,102,134,0,65,1,4,194,93,8,98
gug,Paraguayan Guaraní,6.5M,True,False,True,Paraguayan Guaraní,,Tupian,100,1,198,0,1,10,188,1,3,195,1,0,198,1,12,186,1,4,194
ilo,Ilocano,6.5M,True,True,True,Iloko,1.0,Austronesian,642,1,190,8,5,7,187,1,5,193,1,0,198,0,0,199,1,14,184
gsw,Swiss German,6.5M,True,False,True,Swiss German,,Indo-European,6562,1,169,29,10,24,165,136,2,61,186,0,13,0,0,199,129,5,65
hil,Hiligaynon,6.3M,True,True,True,Hiligaynon,0.0,Austronesian,999,1,194,4,1,2,196,1,3,195,1,0,198,0,0,199,1,11,187
nod,Northern Thai,6.0M,True,False,True,Northern Thai,,Tai-Kadai,5309,1,195,3,7,6,186,103,3,93,186,0,13,0,0,199,102,6,91
bjj,Kanauji,6.0M,True,False,True,Kanauji,,Indo-European,3610,1,146,52,29,12,158,123,0,76,50,0,149,0,0,199,18,35,146
dje,Zarma,6.0M,True,False,True,Zarma,,Songhay,7654,1,185,13,2,158,39,113,0,86,189,0,10,0,0,199,110,1,88
fuc,Pulaar,5.9M,True,False,True,Pulaar,,Atlantic-Congo,5847,1,184,14,7,15,177,103,0,96,162,0,37,0,0,199,84,20,95
shi,Tachelhit,5.8M,True,False,True,Tachelhit,,Afro-Asiatic,1182,1,181,17,16,3,180,1,7,191,1,0,198,1,13,185,1,10,188
nap,Napoletano-Calabrese,5.7M,True,False,True,Neapolitan,1.0,Indo-European,5136,1,153,45,5,11,183,112,3,84,182,0,17,0,0,199,108,9,82
fub,Adamawa Fulfulde,5.7M,True,True,True,Adamawa Fulfulde,,Atlantic-Congo,616,1,170,28,7,6,186,1,4,194,1,0,198,0,3,196,1,7,191
bns,Bundeli,5.6M,True,False,True,Bundeli,,Indo-European,1261,1,157,41,22,5,172,43,2,154,1,0,198,0,13,186,1,45,153
dan,Danish,5.6M,True,True,True,Danish,3.0,Indo-European,2497,1,167,31,7,35,157,1,5,193,65,0,134,0,5,194,1,14,184
fin,Finnish,5.6M,True,True,True,Finnish,4.0,Uralic,370,1,197,1,3,3,193,1,3,195,1,0,198,0,4,195,1,6,192
ewe,Éwé,5.5M,True,True,True,Ewe,1.0,Atlantic-Congo,368,1,164,34,12,3,184,1,4,194,1,0,198,1,1,197,1,2,196
mup,Malvi,5.4M,False,False,True,Malvi,,Indo-European,4537,1,179,19,9,65,125,120,4,75,185,0,14,0,0,199,117,10,72
ayl,Libyan Spoken Arabic,5.4M,True,False,True,Libyan Arabic,,Afro-Asiatic,533,1,176,22,1,4,194,1,7,191,1,0,198,0,2,197,1,34,164
czh,Huizhou Chinese,5.4M,True,False,True,Huizhou Chinese,,Sino-Tibetan,3263,1,192,6,5,56,138,80,33,86,53,0,146,0,0,199,20,11,168
nor,Norwegian,5.3M,True,False,True,Norwegian,,Indo-European,5366,1,184,14,9,15,175,123,3,73,184,0,15,0,0,199,118,8,73
ckb,Central Kurdish,5.3M,True,True,True,Central Kurdish,,Indo-European,2247,1,167,31,11,4,184,1,9,189,70,0,129,0,8,191,1,14,184
bci,Baoulé,5.3M,True,True,True,Baoulé,,Atlantic-Congo,544,1,169,29,7,5,187,1,6,192,1,0,198,1,25,173,1,9,189
kam,Kamba,5.3M,True,False,True,Kamba (Kenya),0.0,Atlantic-Congo,1016,1,176,22,5,5,189,1,6,192,1,0,198,0,0,199,1,13,185
luo,Dholuo,5.3M,True,False,True,Luo (Kenya and Tanzania),,Nilotic,425,1,198,0,10,3,186,1,2,196,1,0,198,1,7,191,1,1,197
hno,Northern Hindko,5.3M,False,False,True,Northern Hindko,,Indo-European,5291,1,153,45,20,5,174,128,0,71,184,0,15,0,0,199,118,5,76
sag,Sango,5.2M,True,True,True,Sango,1.0,Atlantic-Congo,6096,1,190,8,8,11,180,45,2,152,161,0,38,5,8,186,44,7,148
mey,Hassaniyya,5.2M,True,False,True,Hassaniyya,,Afro-Asiatic,3176,1,181,17,6,7,186,28,3,168,55,0,144,0,0,199,22,10,167
kir,Kyrgyz,5.2M,True,False,True,Kirghiz,1.0,Turkic,406,1,191,7,7,2,190,20,5,174,1,0,198,1,4,194,1,12,186
tat,Tatar,5.1M,True,True,True,Tatar,1.0,Turkic,6693,1,186,12,8,23,168,148,2,49,187,0,12,2,1,196,143,7,49
ayh,Hadrami Spoken Arabic,5.1M,True,False,True,Hadrami Arabic,,Afro-Asiatic,3141,1,185,13,11,5,183,33,3,163,58,0,141,0,0,199,24,14,161
lir,Liberian English,5.1M,False,False,True,Liberian English,,Pidgin,1063,1,198,0,4,8,187,107,0,92,1,0,198,0,0,199,1,63,135
lmn,Lambadi,5.1M,True,False,True,Lambadi,,Indo-European,1286,1,159,39,9,4,186,58,4,137,1,0,198,0,13,186,1,15,183
san,Sanskrit,5.0M,True,False,True,Sanskrit,2.0,Indo-European,1313,1,162,36,9,14,176,79,4,116,1,0,198,0,0,199,1,34,164
gpe,Ghanaian Pidgin English,5.0M,False,False,True,Ghanaian Pidgin English,,Indo-European,2997,1,141,57,26,7,166,32,0,167,61,0,138,0,0,199,26,3,170
bew,Betawi,5.0M,True,False,True,Betawi,,Austronesian,1927,1,197,1,2,15,182,48,5,146,73,0,126,0,0,199,33,14,152
min,Minangkabau,4.9M,True,False,True,Minangkabau,1.0,Austronesian,1106,1,196,2,3,5,191,3,3,193,0,0,199,0,6,193,1,8,190
fuf,Pular,4.8M,True,False,True,Pular,,Atlantic-Congo,5846,1,189,9,5,11,183,132,17,50,159,0,40,0,0,199,128,17,54
ssw,Swati,4.7M,True,True,True,Swati,1.0,Atlantic-Congo,6557,1,191,7,7,17,175,132,1,66,182,0,17,2,2,195,88,53,58
scn,Sicilian,4.7M,True,False,True,Sicilian,1.0,Indo-European,6301,1,181,17,2,10,187,132,2,65,190,0,9,0,0,199,128,6,65
shn,Shan,4.7M,True,True,True,Shan,0.0,Tai-Kadai,6256,1,180,18,6,73,120,147,3,49,188,0,11,1,3,195,143,6,50
tiv,Tiv,4.6M,True,False,True,Tiv,0.0,Atlantic-Congo,1207,1,179,19,5,10,184,1,5,193,0,0,199,0,0,199,1,14,184
sou,Southern Thai,4.5M,False,False,True,Southern Thai,,Tai-Kadai,6429,1,186,12,17,71,111,101,0,98,191,0,8,0,0,199,96,6,97
lao,Lao,4.5M,True,False,True,Lao,2.0,Tai-Kadai,679,1,194,4,6,5,188,42,5,152,1,0,198,0,0,199,1,25,173
sid,Sidamo,4.4M,True,False,True,Sidamo,,Afro-Asiatic,777,1,178,20,9,3,187,1,6,192,1,0,198,0,0,199,1,10,188
bug,Bugis,4.4M,True,False,True,Buginese,1.0,Austronesian,925,1,192,6,3,3,193,1,5,193,1,0,198,0,0,199,1,8,190
awa,Awadhi,4.4M,True,False,True,Awadhi,0.0,Indo-European,1257,1,149,49,16,8,175,2,5,192,1,0,198,0,0,199,1,22,176
aln,Gheg Albanian,4.2M,True,False,True,Gheg Albanian,,Indo-European,3001,1,173,25,19,9,171,31,22,146,60,0,139,0,0,199,25,27,147
mtr,Mewari,4.2M,False,False,True,Mewari,,Indo-European,4789,1,178,20,5,6,188,99,4,96,178,0,21,0,0,199,95,15,89
csl,Chinese Sign Language,4.2M,True,False,True,Chinese Sign Language,0.0,Sign Language,2339,1,193,5,9,9,181,38,5,156,68,0,131,0,4,195,30,11,158
